{
   "IT": {
      "Average": 7.232610526315789,
      "Median": 7.605,
      "Mode": 8.393,
      "Highest": 9.977,
      "Lowest": 2.167
   },
   "SE": {
      "Average": 7.273601990049751,
      "Median": 7.6,
      "Mode": 8.675,
      "Highest": 9.928,
      "Lowest": 0.19
   },
   "MC": {
      "Average": 6.867372972972973,
      "Median": 7.183,
      "Mode": 7.935,
      "Highest": 9.62,
      "Lowest": 1.767
   },
   "EE": {
      "Average": 6.8899191919191916,
      "Median": 7.133,
      "Mode": 8.223,
      "Highest": 9.77,
      "Lowest": 1.53
   },
   "EP": {
      "Average": 6.79078947368421,
      "Median": 6.928,
      "Mode": 8.232,
      "Highest": 9.755,
      "Lowest": 0.205
   },
   "AE": {
      "Average": 6.751712328767123,
      "Median": 6.843,
      "Mode": 9.22,
      "Highest": 9.22,
      "Lowest": 2.697
   },
   "CH": {
      "Average": 6.774506849315069,
      "Median": 6.737,
      "Mode": 7.285,
      "Highest": 9.408,
      "Lowest": 2.7
   },
   "PE": {
      "Average": 6.549068493150685,
      "Median": 6.7,
      "Mode": 7.72,
      "Highest": 8.953,
      "Lowest": 0.228
   },
   "EN": {
      "Average": 6.439116279069768,
      "Median": 6.78,
      "Mode": 9.508,
      "Highest": 9.508,
      "Lowest": 0.927
   },
   "BT": {
      "Average": 7.019360655737705,
      "Median": 7.053,
      "Mode": 9.7,
      "Highest": 9.7,
      "Lowest": 1.315
   },
   "UNI": {
      "Average": 6.944785496183206,
      "Median": 7.192,
      "Mode": 7.982,
      "Highest": 9.977,
      "Lowest": 0.19
   }
}