{
   "UNI": {
      "Average": 7.042367709540363,
      "Median": 7.2,
      "Mode": 7.6,
      "Highest": 10.0,
      "Lowest": 0.4
   },
   "1_AE": {
      "Average": 6.328641975308642,
      "Median": 6.4,
      "Mode": 4.9,
      "Highest": 9.9,
      "Lowest": 1.3
   },
   "1_BT": {
      "Average": 6.5039655172413795,
      "Median": 6.75,
      "Mode": 6.7,
      "Highest": 9.5,
      "Lowest": 1.0
   },
   "1_CE": {
      "Average": 6.245098039215686,
      "Median": 6.5,
      "Mode": 7.0,
      "Highest": 9.6,
      "Lowest": 1.4
   },
   "1_CH": {
      "Average": 7.151447368421053,
      "Median": 7.0,
      "Mode": 7.0,
      "Highest": 10.0,
      "Lowest": 3.2
   },
   "1_CS": {
      "Average": 7.585454545454545,
      "Median": 7.9,
      "Mode": 8.3,
      "Highest": 10.0,
      "Lowest": 0.6
   },
   "1_EC": {
      "Average": 7.145282258064516,
      "Median": 7.4,
      "Mode": 8.8,
      "Highest": 9.9,
      "Lowest": 1.4
   },
   "1_EE": {
      "Average": 7.249207920792079,
      "Median": 7.3,
      "Mode": 7.1,
      "Highest": 9.5,
      "Lowest": 3.4
   },
   "1_EN": {
      "Average": 5.541506849315069,
      "Median": 5.7,
      "Mode": 7.0,
      "Highest": 8.9,
      "Lowest": 0.63
   },
   "1_EP": {
      "Average": 6.472393162393162,
      "Median": 6.7,
      "Mode": 6.9,
      "Highest": 9.5,
      "Lowest": 0.8
   },
   "1_IT": {
      "Average": 7.4015625,
      "Median": 7.6,
      "Mode": 7.6,
      "Highest": 10.0,
      "Lowest": 2.5
   },
   "1_MC": {
      "Average": 7.2103174603174605,
      "Median": 7.4,
      "Mode": 8.3,
      "Highest": 9.8,
      "Lowest": 0.4
   },
   "1_ME": {
      "Average": 6.771150159744409,
      "Median": 7.0,
      "Mode": 6.3,
      "Highest": 9.9,
      "Lowest": 0.8
   },
   "1_PE": {
      "Average": 6.372763157894737,
      "Median": 6.45,
      "Mode": 7.6,
      "Highest": 9.6,
      "Lowest": 2.5
   },
   "1_SE": {
      "Average": 7.275958549222798,
      "Median": 7.3,
      "Mode": 8.5,
      "Highest": 9.8,
      "Lowest": 1.25
   }
}